<?xml version="1.0" encoding="utf-8"?>
<!-- Copyright (C) 2008 The Android Open Source Project

     Licensed under the Apache License, Version 2.0 (the "License");
     you may not use this file except in compliance with the License.
     You may obtain a copy of the License at
  
          http://www.apache.org/licenses/LICENSE-2.0
  
     Unless required by applicable law or agreed to in writing, software
     distributed under the License is distributed on an "AS IS" BASIS,
     WITHOUT WARRANTIES OR CONDITIONS OF ANY KIND, either express or implied.
     See the License for the specific language governing permissions and
     limitations under the License.
-->

<!-- This file contains fake APNs that are necessary for the emulator
     to talk to the network.  It should only be installed for SDK builds.

     This file is not installed by the local Android.mk, it's installed using
     a PRODUCT_COPY_FILES line in the sdk section of the toplevel Makefile.
-->

<!-- use empty string to specify no proxy or port -->
<!-- This version must agree with that in apps/common/res/apns.xml -->
<apns version="7">
    <apn carrier="Android"
        mcc="310"
        mnc="995"
        apn="internet"
        user="*"
        server="*"
        password="*"
        mmsc="null"
    />
    <apn carrier="TelKila"
        mcc="310"
        mnc="260"
        apn="internet"
        user="*"
        server="*"
        password="*"
        mmsc="null"
    /> 
    
   
    
     <apn carrier="T-Mobile US"
         mcc="310"
         mnc="260"
         apn="epc.tmobile.com"
         user="none"
         server="*"
         password="none"
         mmsc="http://mms.msg.eng.t-mobile.com/mms/wapenc"
    />

    <apn carrier="T-Mobile US 250"
         mcc="310"
         mnc="250"
         apn="epc.tmobile.com"
         user="none"
         server="*"
         password="none"
         mmsc="http://mms.msg.eng.t-mobile.com/mms/wapenc"
            />

    <apn carrier="T-Mobile US 660"
         mcc="310"
         mnc="660"
         apn="epc.tmobile.com"
         user="none"
         server="*"
         password="none"
         mmsc="http://mms.msg.eng.t-mobile.com/mms/wapenc"
            />

    <apn carrier="T-Mobile US 230"
         mcc="310"
         mnc="230"
         apn="epc.tmobile.com"
         user="none"
         server="*"
         password="none"
         mmsc="http://mms.msg.eng.t-mobile.com/mms/wapenc"
            />

    <apn carrier="T-Mobile US 310"
         mcc="310"
         mnc="310"
         apn="epc.tmobile.com"
         user="none"
         server="*"
         password="none"
         mmsc="http://mms.msg.eng.t-mobile.com/mms/wapenc"
            />

    <apn carrier="T-Mobile US 580"
         mcc="310"
         mnc="580"
         apn="epc.tmobile.com"
         user="none"
         server="*"
         password="none"
         mmsc="http://mms.msg.eng.t-mobile.com/mms/wapenc"
            />

    <apn carrier="T-Mobile US 240"
         mcc="310"
         mnc="240"
         apn="epc.tmobile.com"
         user="none"
         server="*"
         password="none"
         mmsc="http://mms.msg.eng.t-mobile.com/mms/wapenc"
            />

    <apn carrier="T-Mobile US 800"
         mcc="310"
         mnc="800"
         apn="epc.tmobile.com"
         user="none"
         server="*"
         password="none"
         mmsc="http://mms.msg.eng.t-mobile.com/mms/wapenc"
            />

    <apn carrier="T-Mobile US 210"
         mcc="310"
         mnc="210"
         apn="epc.tmobile.com"
         user="none"
         server="*"
         password="none"
         mmsc="http://mms.msg.eng.t-mobile.com/mms/wapenc"
            />

    <apn carrier="T-Mobile US 160"
         mcc="310"
         mnc="160"
         apn="epc.tmobile.com"
         user="none"
         server="*"
         password="none"
         mmsc="http://mms.msg.eng.t-mobile.com/mms/wapenc"
            />

    <apn carrier="T-Mobile US 270"
         mcc="310"
         mnc="270"
         apn="epc.tmobile.com"
         user="none"
         server="*"
         password="none"
         mmsc="http://mms.msg.eng.t-mobile.com/mms/wapenc"
            />

    <apn carrier="T-Mobile US 200"
         mcc="310"
         mnc="200"
         apn="epc.tmobile.com"
         user="none"
         server="*"
         password="none"
         mmsc="http://mms.msg.eng.t-mobile.com/mms/wapenc"
            />

    <apn carrier="T-Mobile US 220"
         mcc="310"
         mnc="220"
         apn="epc.tmobile.com"
         user="none"
         server="*"
         password="none"
         mmsc="http://mms.msg.eng.t-mobile.com/mms/wapenc"
            />

    <apn carrier="T-Mobile US 490"
         mcc="310"
         mnc="490"
         apn="epc.tmobile.com"
         user="none"
         server="*"
         password="none"
         mmsc="http://mms.msg.eng.t-mobile.com/mms/wapenc"
            />

    <!-- T-Mobile Europe -->
    
    <apn carrier="T-Mobile UK"
         mcc="234"
         mnc="30"
         apn="general.t-mobile.uk"
         user="t-mobile"
         password="tm"
         server="*"
         mmsproxy="149.254.201.135"
         mmsport="8080"
         mmsc="http://mmsc.t-mobile.co.uk:8002"
    />

    <apn carrier="T-Mobile D"
         mcc="262"
         mnc="01"
         apn="internet.t-mobile"
         user="t-mobile"
         password="tm"
         server="*"
         mmsproxy="172.028.023.131"
         mmsport="8008"
         mmsc="http://mms.t-mobile.de/servlets/mms"
    />

    <apn carrier="T-Mobile A"
         mcc="232"
         mnc="03"
         apn="gprsinternet"
         user="t-mobile"
         password="tm"
         server="*"
         mmsproxy="010.012.000.020"
         mmsport="80"
         mmsc="http://mmsc.t-mobile.at/servlets/mms"
         type="default"
    />

    <apn carrier="T-Mobile A MMS"
         mcc="232"
         mnc="03"
         apn="gprsmms"
         user="t-mobile"
         password="tm"
         server="*"
         mmsproxy="010.012.000.020"
         mmsport="80"
         mmsc="http://mmsc.t-mobile.at/servlets/mms"
         type="mms"
    />

    <apn carrier="T-Mobile CZ"
         mcc="230"
         mnc="01"
         apn="internet.t-mobile.cz"
         user="wap"
         password="wap"
         server="*"
         mmsproxy="010.000.000.010"
         mmsport="80"
         mmsc="http://mms"
         type="default"
    />

    <apn carrier="T-Mobile CZ MMS"
         mcc="230"
         mnc="01"
         apn="mms.t-mobile.cz"
         user="mms"
         password="mms"
         server="*"
         mmsproxy="010.000.000.010"
         mmsport="80"
         mmsc="http://mms"
         type="mms"
    />

    <apn carrier="T-Mobile NL"
         mcc="204"
         mnc="16"
         apn="smartsites.t-mobile"
         user="*"
         password="*"
         server="*"
         mmsproxy="010.010.010.011"
         mmsport="8080"
         mmsc="http://t-mobilemms"
         type="default"
    />

    <apn carrier="T-Mobile NL MMS"
         mcc="204"
         mnc="16"
         apn="mms"
         user="tmobilemms"
         password="tmobilemms"
         server="*"
         mmsproxy="010.010.010.011"
         mmsport="8080"
         mmsc="http://t-mobilemms"
         type="mms"
    />

	<!-- Thanks to Haykuro for the additional APNs -->	
	<apn carrier="3services"
         apn="3services"
		 mmsc="mmsc.three.net.au:10021/mmsc"
		 mmsproxy="10.176.57.25"
		 mmsport="8799"
		 mcc="505"
		 mnc="06"
	/>
	
	<apn carrier="3"
	     apn="three.co.uk"
		 mmsc="http://mms.um.three.co.uk:10021/mmsc"
		 mmsproxy="mms.three.co.uk"
		 mmsport="8799"
		 mcc="234"
		 mnc="20"
	/>
	
	<apn carrier="o2 Internet"
	     apn="surfo2"
		 mmsc="http://10.81.0.7:8002"
		 mmsproxy="82.113.100.5"
		 mmsport="8080"
		 mcc="262"
		 mnc="07"
	/>
	
	<apn carrier="Airtel India"
	     apn="airtelgprs.com"
		 mmsc="airtelmms.com"
		 mcc="404"
		 mnc="90"
	/> 
	
	<apn carrier="中国移动因特网设置" mcc="460" mnc="00" apn="cmnet" type="default"/>
	<apn carrier="中国移动WAP设置" mcc="460" mnc="00" apn="cmwap" proxy="10.0.0.172" port="80" type="default"/>
	<apn carrier="中国移动彩信设置" mcc="460" mnc="00" apn="cmwap" proxy="10.0.0.172" port="80" mmsproxy="10.0.0.172" mmsport="80" mmsc="http://mmsc.monternet.com" type="mms"/>
	
	<apn carrier="中国移动因特网设置" mcc="460" mnc="02" apn="cmnet" type="default"/>
	<apn carrier="中国移动WAP设置" mcc="460" mnc="02" apn="cmwap" proxy="10.0.0.172" port="80" type="default"/>
	<apn carrier="中国移动彩信设置" mcc="460" mnc="02" apn="cmwap" proxy="10.0.0.172" port="80" mmsproxy="10.0.0.172" mmsport="80" mmsc="http://mmsc.monternet.com" type="mms"/>

  <apn carrier="中国移动因特网设置" mcc="460" mnc="07" apn="cmnet" type="default"/>
	<apn carrier="中国移动WAP设置" mcc="460" mnc="07" apn="cmwap" proxy="10.0.0.172" port="80" type="default"/>
	<apn carrier="中国移动彩信设置" mcc="460" mnc="07" apn="cmwap" proxy="10.0.0.172" port="80" mmsproxy="10.0.0.172" mmsport="80" mmsc="http://mmsc.monternet.com" type="mms"/>


	<apn carrier="中国联通因特网设置" mcc="460" mnc="01" apn="uninet" type="default"/>
	<apn carrier="中国联通WAP设置" mcc="460" mnc="01" apn="uniwap" proxy="10.0.0.172" port="80" type="default"/>
	<apn carrier="中国联通彩信设置" mcc="460" mnc="01" apn="uniwap" proxy="10.0.0.172" port="80" mmsproxy="10.0.0.172" mmsport="80" mmsc="http://mmsc.myuni.com.cn" type="mms"/>
	<apn carrier="中国联通3G因特网设置" mcc="460" mnc="01" apn="3gnet" type="default"/>
	<apn carrier="中国联通3GWAP设置" mcc="460" mnc="01" apn="3gwap" proxy="10.0.0.172" port="80" type="default"/>
	<apn carrier="中国联通3G彩信设置" mcc="460" mnc="01" apn="3gwap" proxy="10.0.0.172" port="80" mmsproxy="10.0.0.172" mmsport="80" mmsc="http://mmsc.myuni.com.cn" type="mms"/>

	<!-- Thanks to HongKong for the additional APNs -->	

 
 
  <apn carrier="3 HK" mcc="454" mnc="03" apn="mobile.three.com.hk" user="*" server="*" password="*" mmsc="http://mms.um.three.com.hk:10021/mmsc" mmsproxy="172.20.97.116" mmsport="8799" type="default"/>
  <apn carrier="3 HK" mcc="454" mnc="03" apn="mobile.three.com.hk" user="*" server="*" password="*" mmsc="http://mms.um.three.com.hk:10021/mmsc" mmsproxy="172.20.97.116" mmsport="8799" type="mms"/>
   
  <apn carrier="CSL" mcc="454" mnc="00" apn="hkcsl" user="" server="" password="" proxy="192.168.59.51" port="8080" mmsc="http://192.168.58.171:8002/" mmsproxy="192.168.59.51" mmsport="8080" type="default"/>
 
  <apn carrier="CSL" mcc="454" mnc="00" apn="hkcsl" user="" server="" password="" proxy="192.168.59.51" port="8080" mmsc="http://192.168.58.171:8002/" mmsproxy="192.168.59.51" mmsport="8080" type="mms"/>

  <apn carrier="CSL" mcc="454" mnc="18" apn="hkcsl" user="" server="" password="" proxy="192.168.59.51" port="8080" mmsc="http://192.168.58.171:8002/" mmsproxy="192.168.59.51" mmsport="8080" type="default"/>
 
  <apn carrier="CSL" mcc="454" mnc="18" apn="hkcsl" user="" server="" password="" proxy="192.168.59.51" port="8080" mmsc="http://192.168.58.171:8002/" mmsproxy="192.168.59.51" mmsport="8080" type="mms"/>

  <apn carrier="CSL" mcc="454" mnc="02" apn="hkcsl" user="" server="" password="" proxy="192.168.59.51" port="8080" mmsc="http://192.168.58.171:8002/" mmsproxy="192.168.59.51" mmsport="8080" type="default"/>
 
  <apn carrier="CSL" mcc="454" mnc="02" apn="hkcsl" user="" server="" password="" proxy="192.168.59.51" port="8080" mmsc="http://192.168.58.171:8002/" mmsproxy="192.168.59.51" mmsport="8080" type="mms"/>

  <apn carrier="CSL Data" mcc="454" mnc="10" apn="hkcsl" user="" server="" password="" proxy="192.168.59.51" port="8080" mmsc="http://192.168.58.171:8002/" mmsproxy="192.168.59.51" mmsport="8080" type="default"/>
 
 
  <apn carrier="CSL Data" mcc="454" mnc="10" apn="hkcsl" user="" server="" password="" proxy="192.168.59.51" port="8080" mmsc="http://192.168.58.171:8002/" mmsproxy="192.168.59.51" mmsport="8080" type="mms"/>
 

  <apn carrier="PCCW" mcc="454" mnc="19" apn="pccw" user="" server="" password="" mmsc="http://3gmms.pccwmobile.com:8080/was" mmsproxy="10.140.14.10" mmsport="8080" type="default"/>
 
  <apn carrier="PCCW" mcc="454" mnc="19" apn="pccw" user="" server="" password="" mmsc="http://3gmms.pccwmobile.com:8080/was" mmsproxy="10.140.14.10" mmsport="8080" type="mms"/>

  <apn carrier="CMHK" mcc="454" mnc="12" apn="peoples.net" user="" server="" password="" mmsc="" type="default"/>
  <apn carrier="CMHK_MMS" mcc="454" mnc="12" apn="peoples.mms" user="" server="" password="" mmsc="http://mms.hk.chinamobile.com/mms" mmsproxy="172.31.31.36" mmsport="8080" type="mms"/>
 
  
  <apn carrier="SMC-Voda" mcc="454" mnc="06" apn="SmarTone-Vodafone" user="" server="" password="" mmsc="http://mms.smartone-vodafone.com/server" mmsproxy="10.9.9.9" mmsport="8080" type="default"/>
 
  <apn carrier="SMC-Voda" mcc="454" mnc="06" apn="SmarTone-Vodafone" user="" server="" password="" mmsc="http://mms.smartone-vodafone.com/server" mmsproxy="10.9.9.9" mmsport="8080" type="mms"/>

  <apn carrier="SMC-Voda" mcc="454" mnc="15" apn="SmarTone-Vodafone" user="" server="" password="" mmsc="http://mms.smartone-vodafone.com/server" mmsproxy="10.9.9.9" mmsport="8080" type="default"/>
 
  <apn carrier="SMC-Voda" mcc="454" mnc="15" apn="SmarTone-Vodafone" user="" server="" password="" mmsc="http://mms.smartone-vodafone.com/server" mmsproxy="10.9.9.9" mmsport="8080" type="mms"/>

  <apn carrier="SMC-Voda" mcc="454" mnc="17" apn="SmarTone-Vodafone" user="" server="" password="" mmsc="http://mms.smartone-vodafone.com/server" mmsproxy="10.9.9.9" mmsport="8080" type="default"/>
 
  <apn carrier="SMC-Voda" mcc="454" mnc="17" apn="SmarTone-Vodafone" user="" server="" password="" mmsc="http://mms.smartone-vodafone.com/server" mmsproxy="10.9.9.9" mmsport="8080" type="mms"/>

	 <!-- Thanks to MC for the additional APNs -->	
  <apn carrier="SmarTone Macau" mcc="455" mnc="00" apn="smartgprs" proxy="10.9.9.29" port="8080" mmsc="http://mms.smartone.com.mo/dmog/mo" mmsproxy="10.9.9.29" mmsport="8080" type="default,supl,mms" /> 
  <apn carrier="CTM" mcc="455" mnc="01" apn="ctm-mobile" proxy="192.168.99.2" port="8080" type="default,supl" /> 
  <apn carrier="CTM MMS" mcc="455" mnc="01" apn="ctmmms" mmsc="http://mms.wap.ctm.net:8002" mmsproxy="192.168.99.3" mmsport="8080" type="mms" /> 
  <apn carrier="Hutchison Macau MMS" mcc="455" mnc="03" apn="mms.hutchisonmacau.com" mmsc="http://10.30.15.51:10021/mmsc" mmsproxy="10.30.15.53" mmsport="8080" type="mms" /> 
  <apn carrier="Hutchison Macau" mcc="455" mnc="03" apn="web-g.three.com.hk" user="hutchison" password="1234" type="default,supl" /> 
  <apn carrier="CTM" mcc="455" mnc="04" apn="ctm-mobile" proxy="192.168.99.2" port="8080" type="default,supl" /> 
  <apn carrier="CTM MMS" mcc="455" mnc="04" apn="ctmmms" mmsc="http://mms.wap.ctm.net:8002" mmsproxy="192.168.99.3" mmsport="8080" type="mms" /> 
                                                                                                                                                  
                                                                                                                                                   
                                                                                                                                                 <!-- Thanks to RU for the additional APNs -->	
  <apn carrier="MTS RU" mcc="250" mnc="01" apn="internet.mts.ru" user="mts" password="mts" type="default,supl" />
  <apn carrier="ETK" mcc="250" mnc="01" apn="mms.etk.ru" user="mms" password="mms" mmsc="http://mmsc" mmsproxy="010.010.030.060" mmsport="8080" type="default,supl,mms" />
  <apn carrier="MTS RU MMS" mcc="250" mnc="01" apn="mms.mts.ru" user="mts" password="mts" mmsc="http://mmsc" mmsproxy="192.168.192.192" mmsport="8080" type="mms" />
  <apn carrier="Megafon Internet" mcc="250" mnc="02" apn="internet" type="default,supl" />
  <apn carrier="Megafon MMS" mcc="250" mnc="02" apn="mms" user="mms" password="mms" mmsc="http://mmsc:8002" mmsproxy="10.10.10.10" mmsport="8080" type="mms" />
  <apn carrier="NCC" mcc="250" mnc="03" apn="mms" mmsc="http://10.0.3.50" mmsproxy="10.0.3.20" mmsport="8080" type="mms" />
  <apn carrier="МТС-интернет" mcc="250" mnc="04" apn="internet.mts.ru" user="mts" password="mts" type="default,supl" />
  <apn carrier="МТС Центр MMS" mcc="250" mnc="04" apn="mms.mts.ru" user="mts" password="mts" mmsc="http://mmsc" mmsproxy="192.168.192.192" mmsport="8080" type="mms" />
  <apn carrier="ETK" mcc="250" mnc="05" apn="internet.etk.ru" type="default,supl,mms" />
  <apn carrier="МТС-интернет" mcc="250" mnc="05" apn="internet.mts.ru" user="mts" password="mts" type="default,supl" />
  <apn carrier="МТС Центр MMS" mcc="250" mnc="05" apn="mms.mts.ru" user="mts" password="mts" mmsc="http://mmsc" mmsproxy="192.168.192.192" mmsport="8080" type="mms" />
  <apn carrier="internet" mcc="250" mnc="07" apn="internet.smarts.ru" user="any" password="any" type="default,supl" />
  <apn carrier="mms" mcc="250" mnc="07" apn="mms.smarts.ru" user="wap" password="wap" mmsc="http://172.24.120.135/mms/wapenc" mmsproxy="172.24.128.5" mmsport="8080" type="mms" />
  <apn carrier="МТС-интернет" mcc="250" mnc="10" apn="internet.mts.ru" user="mts" password="mts" type="default,supl" />
  <apn carrier="МТС Центр MMS" mcc="250" mnc="10" apn="mms.mts.ru" user="mts" password="mts" mmsc="http://mmsc" mmsproxy="192.168.192.192" mmsport="8080" type="mms" />
  <apn carrier="Beeline internet" mcc="250" mnc="11" apn="internet.beeline.ru" user="beeline" password="beeline" type="default,supl" />
  <apn carrier="Beeline MMS" mcc="250" mnc="11" apn="mms.beeline.ru" user="beeline" password="beeline" mmsc="http://mms/" mmsproxy="192.168.094.023" mmsport="8080" type="mms" />
  <apn carrier="GPRS-Internet" mcc="250" mnc="12" apn="inet.bwc.ru" user="bwc" password="bwc" type="default,supl" />
  <apn carrier="BWC MMS" mcc="250" mnc="12" apn="mms.bwc.ru" user="bwc" password="bwc" mmsc="http://mmsc/mms" mmsproxy="10.10.17.2" mmsport="8080" type="mms" />
  <apn carrier="МТС-интернет" mcc="250" mnc="13" apn="internet.mts.ru" user="mts" password="mts" type="default,supl" />
  <apn carrier="МТС Центр MMS" mcc="250" mnc="13" apn="mms.mts.ru" user="mts" password="mts" mmsc="http://mmsc" mmsproxy="192.168.192.192" mmsport="8080" type="mms" />
  <apn carrier="MMS" mcc="250" mnc="16" apn="mms.ntc" mmsc="http://mmsc.vntc.ru/was" mmsproxy="80.243.64.68" mmsport="8080" type="mms" />
  <apn carrier="Internet" mcc="250" mnc="17" apn="internet.usi.ru" type="default,supl" />
  <apn carrier="MMS" mcc="250" mnc="17" apn="mms.usi.ru" mmsc="http://mms" mmsproxy="192.168.168.192" mmsport="8080" type="mms" />
  <apn carrier="МТС-интернет" mcc="250" mnc="39" apn="internet.mts.ru" user="mts" password="mts" type="default,supl" />
  <apn carrier="МТС Центр MMS" mcc="250" mnc="39" apn="mms.mts.ru" user="mts" password="mts" mmsc="http://mmsc" mmsproxy="192.168.192.192" mmsport="8080" type="mms" />
  <apn carrier="Beeline internet" mcc="250" mnc="44" apn="internet.beeline.ru" user="beeline" password="beeline" type="default,supl" />
  <apn carrier="Beeline MMS" mcc="250" mnc="44" apn="mms.beeline.ru" user="beeline" password="beeline" mmsc="http://mms/" mmsproxy="192.168.094.023" mmsport="8080" type="mms" />
  <apn carrier="МТС-интернет" mcc="250" mnc="92" apn="internet.mts.ru" user="mts" password="mts" type="default,supl" />
  <apn carrier="МТС Центр MMS" mcc="250" mnc="92" apn="mms.mts.ru" user="mts" password="mts" mmsc="http://mmsc" mmsproxy="192.168.192.192" mmsport="8080" type="mms" />
  <apn carrier="МТС-интернет" mcc="250" mnc="93" apn="internet.mts.ru" user="mts" password="mts" type="default,supl" />
  <apn carrier="МТС Центр MMS" mcc="250" mnc="93" apn="mms.mts.ru" user="mts" password="mts" mmsc="http://mmsc" mmsproxy="192.168.192.192" mmsport="8080" type="mms" />
  <apn carrier="BeeLine RU" mcc="250" mnc="99" apn="internet.beeline.ru" user="beeline" password="beeline" type="default,supl" />
  <apn carrier="BeeLine RU MMS" mcc="250" mnc="99" apn="mms.beeline.ru" user="beeline" password="beeline" mmsc="http://mms/" mmsproxy="192.168.094.023" mmsport="8080" type="mms" />
  <apn carrier="MTS UA" mcc="255" mnc="01" apn="active" type="default,supl" />
  <apn carrier="MTS UA" mcc="255" mnc="01" apn="hyper.net" type="default,supl" />
  <apn carrier="JEANS MMS" mcc="255" mnc="01" apn="mms.jeans.ua" mmsc="http://mmsc:8002" mmsproxy="192.168.10.10" mmsport="8080" type="mms" />
  <apn carrier="MTS UA" mcc="255" mnc="01" apn="mms.umc.ua" mmsc="http://mmsc:8002/" mmsproxy="192.168.010.010" mmsport="8080" type="mms" />
  <apn carrier="MTS-MMS" mcc="255" mnc="01" apn="mms" mmsc="http://mmsc:8002" mmsproxy="192.168.010.010" mmsport="8080" type="mms" />
  <apn carrier="JEANS" mcc="255" mnc="01" apn="www.jeans.ua" type="default,supl" />
  <apn carrier="MTS UA" mcc="255" mnc="01" apn="www.mts.com.ua" type="default,supl" />
  <apn carrier="MTS UA" mcc="255" mnc="01" apn="www.umc.ua" type="default,supl" />
  <apn carrier="Beeline UA" mcc="255" mnc="02" apn="internet.beeeline.ua" type="default,supl" />
  <apn carrier="Beeline-internet" mcc="255" mnc="02" apn="internet.beeline.ua" type="default,supl" />
  <apn carrier="Beeline UA MMS" mcc="255" mnc="02" apn="mms.beeline.ua" mmsc="http://mms/" mmsproxy="10.11.8.18" mmsport="8080" type="mms" />
  <apn carrier="Ace_Base MMS" mcc="255" mnc="03" apn="mms.kyivstar.net" user="mms" password="mms" mmsc="http://mms.kyivstar.net" mmsproxy="10.10.10.10" mmsport="8080" type="mms" />
  <apn carrier="Ace_Base" mcc="255" mnc="03" apn="www.ab.kyivstar.net" type="default,supl" />
  <apn carrier="Djuice EDGE" mcc="255" mnc="03" apn="www.djuice.com.ua" type="default,supl" />
  <apn carrier="Kyivstar EDGE" mcc="255" mnc="03" apn="www.kyivstar.net" type="default,supl" />
  <apn carrier="life" mcc="255" mnc="06" apn="internet" type="default,supl" />
  <apn carrier="life MMS" mcc="255" mnc="06" apn="mms" mmsc="http://mms.life.com.ua/cmms/post" mmsproxy="212.58.162.230" mmsport="8080" type="mms" />
  <apn carrier="Utel" mcc="255" mnc="07" apn="3g.utel.ua" mmsc="http://10.212.1.4/mms/wapenc" mmsproxy="10.212.3.148" mmsport="8080" type="default,supl,mms" />
  <apn carrier="Velcom MMS" mcc="257" mnc="01" apn="mms.velcom.by" user="mms" password="mms" server="mms.velcom.by" mmsc="http://mms.velcom.by/servlets/mms" mmsproxy="10.200.15.15" mmsport="8080" type="mms" />
  <apn carrier="Velcom BY // Web Plus" mcc="257" mnc="01" apn="plus.velcom.by" user="plus" password="plus" type="default,supl" />
  <apn carrier="Velcom BY // Web 500" mcc="257" mnc="01" apn="vmi.velcom.by" user="vmi" password="vmi" type="default,supl" />
  <apn carrier="Velcom Web" mcc="257" mnc="01" apn="web.velcom.by" user="web" password="web" type="default,supl" />
  <apn carrier="Velcom BY // Web Basic" mcc="257" mnc="01" apn="web1.velcom.by" user="web1" password="web1" type="default,supl" />
  <apn carrier="Velcom BY // Web 25" mcc="257" mnc="01" apn="web2.velcom.by" user="web2" password="web2" type="default,supl" />
  <apn carrier="Velcom BY // Web 250" mcc="257" mnc="01" apn="web3.velcom.by" user="web3" password="web3" type="default,supl" />
  <apn carrier="MTS BY" mcc="257" mnc="02" apn="mts" user="mts" password="mts" type="default,supl" />
  <apn carrier="MTS BY MMS" mcc="257" mnc="02" apn="mts" user="mts" password="mts" mmsc="http://mmsc" mmsproxy="192.168.192.168" mmsport="8080" type="mms" />
  <apn carrier="Life:) // Internet" mcc="257" mnc="04" apn="mms.life.com.by" type="default,supl" />
  <apn carrier="Life:) // MMS" mcc="257" mnc="04" apn="mms.life.com.by" mmsc="http://mms.life.com.by/mmsc/" mmsproxy="10.10.10.20" mmsport="8080" type="mms" />


</apns>
